Rk,Player,Age,WAR,G,PA,AB,R,H,2B,3B,HR,RBI,SB,CS,BB,SO,BA,OBP,SLG,OPS,OPS+,rOBA,Rbat+,TB,GIDP,HBP,SH,SF,IBB,GG,AS,SS,MVP,Position
1,Jarren Duran,27,8.7,160,735,671,111,191,48,14,21,75,34,7,54,160,0.285,0.342,0.492,0.834,130,0.373,134,330,6,6,1,3,1,0,1,0,8.0,8.0
2,Shohei Ohtani,29,9.2,159,731,636,134,197,38,7,54,130,59,4,81,162,0.31,0.39,0.646,1.036,190,0.449,190,411,7,6,0,5,10,0,1,1,1.0,
3,Gunnar Henderson,23,9.1,159,719,630,118,177,31,7,37,92,21,4,78,159,0.281,0.364,0.529,0.893,158,0.385,157,333,2,7,0,4,1,0,1,0,4.0,6.0
4,Marcus Semien,33,4.1,159,718,650,101,154,27,2,23,74,8,3,64,105,0.237,0.308,0.391,0.699,100,0.31,100,254,9,3,0,1,2,0,1,0,,4.0
5,Juan Soto,25,7.9,157,713,576,128,166,31,4,41,109,7,4,129,119,0.288,0.419,0.569,0.989,178,0.424,179,328,10,4,0,4,2,0,1,1,3.0,9.0
6,Bobby Witt Jr.,24,9.4,161,709,636,125,211,45,11,32,109,31,12,57,106,0.332,0.389,0.588,0.977,172,0.416,171,374,4,8,0,8,9,1,1,1,2.0,6.0
7,Aaron Judge,32,10.8,158,704,559,122,180,36,1,58,144,10,0,133,171,0.322,0.458,0.701,1.159,223,0.484,223,392,22,9,0,2,20,0,1,1,1.0,8.0
8,Vladimir Guerrero Jr.,25,6.2,159,697,616,98,199,44,1,30,103,2,2,72,96,0.323,0.396,0.544,0.94,165,0.399,165,335,16,5,0,4,12,0,1,1,6.0,3.0
9,Elly De La Cruz,22,5.2,160,696,618,105,160,36,10,25,76,67,16,69,218,0.259,0.339,0.471,0.809,119,0.367,122,291,12,6,2,1,2,0,1,0,8.0,6.0
10,Pete Alonso,29,2.6,162,695,608,91,146,31,0,34,88,3,0,70,172,0.24,0.329,0.459,0.788,122,0.341,122,279,14,13,0,4,4,0,1,0,,3.0
11,Ezequiel Tovar,22,3.8,157,695,655,83,176,45,4,26,78,6,5,23,200,0.269,0.295,0.469,0.763,102,0.325,99,307,16,4,5,7,1,1,0,0,19.0,6.0
12,Bryan Reynolds,29,3.6,156,692,622,73,171,29,3,24,88,10,2,57,156,0.275,0.344,0.447,0.791,120,0.355,125,278,7,10,0,3,3,0,1,0,,7.0
13,Kyle Schwarber,31,3.5,150,692,573,110,142,22,0,38,104,5,3,106,197,0.248,0.366,0.485,0.851,136,0.367,137,278,6,5,0,8,4,0,0,0,15.0,7.0
14,Francisco Lindor,30,6.9,152,689,618,107,169,39,1,33,91,29,4,56,127,0.273,0.344,0.5,0.844,137,0.373,141,309,7,12,0,3,0,0,0,1,2.0,6.0
15,Anthony Volpe,23,3.4,160,689,637,90,155,27,7,12,60,28,7,42,156,0.243,0.293,0.364,0.657,86,0.296,84,232,9,4,2,3,1,0,0,0,,6.0
16,Willy Adames,28,3.1,161,688,610,93,153,33,0,32,112,21,4,74,173,0.251,0.331,0.462,0.794,119,0.348,117,282,12,1,0,3,3,0,0,0,10.0,6.0
17,Marcell Ozuna,33,4.3,162,688,606,96,183,31,0,39,104,1,0,74,170,0.302,0.378,0.546,0.925,153,0.394,154,331,23,3,0,4,2,0,1,0,4.0,
18,Matt Olson,30,3.8,162,685,600,78,148,37,1,29,98,0,0,71,170,0.247,0.333,0.457,0.79,117,0.342,117,274,15,9,0,5,5,0,0,0,,3.0
19,Corbin Carroll,23,3.4,158,684,589,121,136,22,14,22,74,35,8,73,130,0.231,0.322,0.428,0.749,107,0.333,106,252,3,10,3,9,0,0,0,0,,8.0
20,Jose Altuve,34,3.4,153,682,628,94,185,31,0,20,65,22,7,47,119,0.295,0.35,0.439,0.79,124,0.348,126,276,15,7,0,0,2,0,1,1,15.0,4.0
21,Jose Ramirez,31,6.8,158,682,620,114,173,39,2,39,118,41,7,54,82,0.279,0.335,0.537,0.872,145,0.376,140,333,9,1,0,6,12,0,1,1,5.0,5.0
22,William Contreras,26,4.9,155,679,595,99,167,37,2,23,92,9,2,78,139,0.281,0.365,0.466,0.831,130,0.361,129,277,19,3,0,3,5,0,1,1,5.0,2.0
23,Luis Arraez,27,1.0,150,672,637,83,200,32,3,4,46,9,3,24,29,0.314,0.346,0.392,0.739,107,0.327,104,250,18,8,2,1,3,0,1,0,18.0,3.0
24,Jurickson Profar,31,3.6,158,668,564,94,158,29,0,24,85,10,3,76,101,0.28,0.38,0.459,0.839,135,0.369,137,259,14,18,5,5,4,0,1,1,14.0,7.0
25,Anthony Santander,29,2.9,155,665,595,91,140,25,2,44,102,2,0,58,129,0.235,0.308,0.506,0.814,133,0.346,131,301,9,7,0,5,3,0,1,1,14.0,9.0
26,Gleyber Torres,27,1.8,154,665,587,80,151,26,0,15,63,4,3,65,136,0.257,0.33,0.378,0.709,101,0.318,103,222,6,3,2,8,0,0,0,0,,4.0
27,Brandon Nimmo,31,2.2,151,663,571,88,128,25,3,23,90,15,0,77,158,0.224,0.327,0.399,0.727,106,0.331,111,228,7,12,0,3,1,0,0,0,,7.0
28,Taylor Ward,30,2.3,156,663,585,73,144,26,2,25,75,6,4,63,163,0.246,0.323,0.426,0.748,109,0.329,111,249,11,7,0,8,0,0,0,0,,7.0
29,Nick Castellanos,32,0.8,162,659,606,80,154,30,4,23,86,6,2,41,139,0.254,0.311,0.431,0.742,105,0.327,108,261,14,10,0,2,2,0,0,0,,9.0
30,Ian Happ,29,3.9,153,657,569,89,138,34,2,25,86,13,2,80,168,0.243,0.341,0.441,0.782,119,0.345,121,251,7,6,0,2,1,1,0,0,,7.0
31,Jake Cronenworth,30,1.9,155,656,577,72,139,29,3,17,83,5,2,61,118,0.241,0.324,0.39,0.714,100,0.319,101,225,19,11,1,3,0,0,0,0,,3.0
32,Spencer Steer,26,1.5,158,656,574,74,129,34,4,20,92,25,3,72,137,0.225,0.319,0.402,0.721,97,0.331,99,231,5,8,0,2,1,0,0,0,,7.0
33,Paul Goldschmidt,36,1.3,154,654,599,70,147,33,1,22,65,11,0,47,173,0.245,0.302,0.414,0.716,99,0.326,104,248,20,2,0,2,2,0,0,0,,3.0
34,Brendan Donovan,27,2.6,153,652,587,65,163,34,3,14,73,5,5,47,81,0.278,0.342,0.417,0.759,113,0.332,112,245,4,13,0,5,0,0,0,0,,7.0
35,Teoscar Hernandez,31,4.3,154,652,589,84,160,32,2,33,99,12,3,53,188,0.272,0.339,0.501,0.84,137,0.368,141,295,7,8,0,1,3,0,1,1,19.0,7.0
36,Salvador Perez,34,2.5,158,652,590,58,160,28,0,27,104,0,0,44,129,0.271,0.33,0.456,0.786,120,0.339,116,269,17,11,0,6,9,0,1,1,,2.0
37,Jeremy Pena,26,4.1,157,650,602,78,160,28,2,15,70,20,6,25,111,0.266,0.308,0.394,0.701,99,0.311,99,237,15,14,3,6,1,0,0,0,,6.0
38,Randy Arozarena,29,1.7,154,648,549,77,120,33,0,20,60,20,10,73,169,0.219,0.332,0.388,0.72,109,0.323,113,213,7,22,0,4,0,0,0,0,,7.0
39,Matt Chapman,31,7.1,154,647,575,98,142,39,2,27,78,15,2,64,158,0.247,0.328,0.463,0.79,125,0.351,129,266,13,6,0,2,3,1,0,0,11.0,5.0
40,Ryan McMahon,29,2.5,153,645,567,68,137,28,0,20,65,4,6,69,185,0.242,0.325,0.397,0.722,94,0.311,90,225,9,3,0,4,4,0,1,0,,5.0
41,Manny Machado,31,3.1,152,643,593,77,163,30,0,29,105,11,2,45,124,0.275,0.325,0.472,0.797,121,0.344,118,280,25,1,0,4,6,0,0,1,16.0,5.0
42,JJ Bleday,26,2.1,159,642,572,74,139,43,4,20,60,2,3,67,125,0.243,0.324,0.437,0.762,120,0.333,121,250,8,2,1,0,2,0,0,0,,8.0
43,Nico Hoerner,27,3.7,151,641,582,86,159,35,1,7,48,31,6,44,66,0.273,0.335,0.373,0.708,100,0.327,105,217,8,12,0,3,1,0,0,0,,4.0
44,Isaac Paredes,25,2.7,153,641,542,64,129,25,1,19,80,1,1,76,105,0.238,0.346,0.393,0.739,111,0.331,115,213,17,17,0,6,2,0,1,0,,5.0
45,Eugenio Suarez,32,3.1,158,640,571,90,146,28,2,30,101,2,1,49,176,0.256,0.319,0.469,0.788,116,0.34,115,268,10,9,0,11,0,0,0,0,,5.0
46,Freddie Freeman,34,4.7,147,638,542,81,153,35,2,22,89,9,2,78,100,0.282,0.378,0.476,0.854,143,0.37,142,258,13,10,0,8,9,0,1,0,17.0,3.0
47,Adley Rutschman,26,3.4,148,638,571,68,143,21,1,19,79,1,0,58,103,0.25,0.318,0.391,0.709,106,0.313,107,223,9,2,0,7,3,0,1,0,,2.0
48,Adolis Garcia,31,0.3,154,637,580,68,130,27,0,25,85,11,5,45,177,0.224,0.284,0.4,0.684,95,0.302,94,232,12,6,0,6,2,0,0,0,,9.0
49,Jonathan India,27,1.7,151,637,533,84,132,28,2,15,58,13,2,80,125,0.248,0.357,0.392,0.75,106,0.34,108,209,16,15,2,7,0,0,0,0,,4.0
50,Masyn Winn,22,4.9,150,637,587,85,157,32,5,15,57,11,5,41,109,0.267,0.314,0.416,0.73,103,0.317,100,244,1,1,3,5,1,0,0,0,,6.0
51,Yordan Alvarez,27,5.4,147,635,552,88,170,34,2,35,86,6,0,69,95,0.308,0.392,0.567,0.959,170,0.406,169,313,14,10,0,4,16,0,1,0,9.0,7.0
52,Nolan Arenado,33,2.5,152,635,578,70,157,23,0,16,71,2,2,44,92,0.272,0.325,0.394,0.719,102,0.315,99,228,15,5,0,7,2,0,0,0,,5.0
53,Willi Castro,27,1.6,158,635,558,89,138,31,5,12,60,14,9,51,150,0.247,0.331,0.385,0.717,101,0.326,108,215,8,21,1,4,0,0,1,0,,6.0
54,Alex Bregman,30,4.1,145,634,581,79,151,30,2,26,75,3,1,44,86,0.26,0.315,0.453,0.768,116,0.334,117,263,13,5,0,4,1,1,0,0,,5.0
55,Andres Gimenez,25,4.0,152,633,583,64,147,22,1,9,63,30,5,26,97,0.252,0.298,0.34,0.638,83,0.294,81,198,11,15,3,6,1,1,0,0,,4.0
56,Josh Naylor,27,1.5,152,633,563,84,137,27,0,31,108,6,2,58,105,0.243,0.32,0.456,0.776,119,0.336,117,257,17,7,0,4,7,0,1,0,,3.0
57,Bryce Harper,31,4.8,145,631,550,85,157,42,0,30,87,7,4,76,138,0.285,0.373,0.525,0.898,148,0.381,148,289,18,2,1,2,11,0,1,1,6.0,3.0
58,Cal Raleigh,27,4.7,153,628,546,73,120,16,0,34,100,6,1,70,176,0.22,0.312,0.436,0.748,119,0.324,117,238,7,6,0,6,4,1,0,0,12.0,2.0
59,Maikel Garcia,24,1.2,157,626,575,84,133,27,5,7,58,37,2,42,103,0.231,0.281,0.332,0.614,73,0.287,69,191,7,0,4,5,0,0,0,0,,5.0
60,Bryan De La Cruz,27,-1.4,149,622,584,61,136,25,0,21,68,5,2,29,170,0.233,0.271,0.384,0.654,78,0.29,75,224,10,3,0,5,1,0,0,0,,7.0
61,Yandy Diaz,32,1.6,145,621,563,55,158,31,1,14,65,0,0,50,95,0.281,0.341,0.414,0.755,116,0.336,119,233,12,4,0,4,0,0,0,0,,3.0
62,Alex Verdugo,28,0.8,149,621,559,74,130,28,1,13,61,2,1,49,93,0.233,0.291,0.356,0.647,83,0.288,81,199,14,1,2,10,0,0,0,0,,7.0
63,Jazz Chisholm Jr.,26,2.7,147,621,562,74,144,21,4,24,73,40,10,53,152,0.256,0.324,0.436,0.76,108,0.339,106,245,6,4,0,2,5,0,0,0,,8.0
64,Yainer Diaz,25,3.3,148,619,585,70,175,29,3,16,84,2,0,24,107,0.299,0.325,0.441,0.766,116,0.339,120,258,22,2,0,8,1,0,0,0,,2.0
65,Brice Turang,24,4.7,155,619,559,72,142,24,4,7,57,50,6,50,105,0.254,0.316,0.349,0.665,86,0.313,85,195,8,2,5,3,1,1,0,0,,4.0
66,Andrew Vaughn,26,0.2,149,619,570,55,140,30,1,19,70,2,0,38,132,0.246,0.297,0.402,0.699,99,0.305,96,229,13,6,0,5,0,0,0,0,,3.0
67,Brent Rooker,29,5.6,145,614,546,82,160,26,2,39,112,11,3,59,177,0.293,0.365,0.562,0.927,165,0.399,166,307,5,5,0,4,4,0,0,1,10.0,7.0
68,George Springer,34,1.1,145,614,545,74,120,19,3,19,56,16,1,60,115,0.22,0.303,0.371,0.674,91,0.312,97,202,16,6,0,2,0,0,0,0,,9.0
69,Julio Rodriguez,23,4.3,143,613,567,76,155,17,0,20,68,24,5,38,156,0.273,0.325,0.409,0.734,116,0.334,121,232,10,6,0,2,1,0,0,0,,8.0
70,Christopher Morel,25,-0.6,152,611,535,56,105,11,3,21,60,8,7,61,159,0.196,0.288,0.346,0.634,79,0.282,80,185,15,10,0,5,3,0,0,0,,5.0
71,Nolan Schanuel,22,1.3,147,607,519,62,130,19,0,13,54,10,1,68,103,0.25,0.343,0.362,0.706,100,0.321,103,188,14,9,3,7,0,0,0,0,,3.0
72,Alec Bohm,27,3.0,143,606,554,62,155,44,2,15,97,5,2,40,86,0.28,0.332,0.448,0.779,116,0.34,117,248,18,6,0,6,2,0,1,0,,5.0
73,Brenton Doyle,26,4.0,149,603,542,82,141,24,4,23,72,30,5,46,153,0.26,0.317,0.446,0.764,104,0.338,102,242,13,3,4,8,1,1,0,0,,8.0
74,Josh Bell,31,-0.6,145,603,538,62,134,23,2,19,71,0,1,51,120,0.249,0.319,0.405,0.725,98,0.32,98,218,22,6,0,3,1,0,0,0,,3.0
75,CJ Abrams,23,3.4,138,602,541,79,133,29,6,20,65,31,12,40,128,0.246,0.314,0.433,0.747,110,0.324,108,234,4,16,1,4,3,0,1,0,,6.0
76,Orlando Arcia,29,0.5,157,602,551,50,120,24,0,17,46,2,0,41,128,0.218,0.271,0.354,0.625,72,0.278,70,195,16,2,1,7,1,0,0,0,,6.0
77,Zach Neto,23,5.1,155,602,542,70,135,34,1,23,77,30,10,39,140,0.249,0.318,0.443,0.761,112,0.334,112,240,14,16,4,1,1,0,0,0,,6.0
78,Rafael Devers,27,3.7,138,601,525,87,143,34,5,28,83,3,0,67,147,0.272,0.354,0.516,0.871,140,0.368,134,271,13,3,0,6,14,0,1,0,13.0,5.0
79,Oneil Cruz,25,2.5,146,599,541,72,140,34,3,21,76,22,1,51,181,0.259,0.324,0.449,0.773,114,0.34,110,243,8,3,0,4,5,0,0,0,,6.0
80,Alec Burleson,25,1.2,152,595,547,71,147,20,0,21,78,9,4,35,76,0.269,0.314,0.42,0.735,105,0.325,105,230,8,4,1,6,0,0,0,0,,9.0
81,Carlos Santana,38,2.5,150,594,521,63,124,26,0,23,71,4,0,65,99,0.238,0.328,0.42,0.749,108,0.329,108,219,11,6,0,2,3,1,0,0,,3.0
82,Jackson Merrill,21,4.4,156,593,554,77,162,31,6,24,90,16,3,29,101,0.292,0.326,0.5,0.826,128,0.357,126,277,2,1,4,5,1,0,1,1,9.0,8.0
83,Dansby Swanson,30,3.9,149,593,534,82,129,27,2,16,66,19,3,54,144,0.242,0.312,0.39,0.701,97,0.313,96,208,7,2,0,3,2,0,0,0,,6.0
84,Josh Smith,26,3.2,149,592,523,67,135,30,1,13,62,11,2,46,121,0.258,0.337,0.394,0.731,111,0.329,112,206,6,18,2,3,1,0,0,1,,5.0
85,Seiya Suzuki,29,3.5,132,585,512,74,145,27,6,21,73,16,6,63,160,0.283,0.366,0.482,0.848,137,0.364,136,247,6,6,0,4,3,0,0,0,,9.0
86,Riley Greene,23,5.4,137,584,512,82,134,27,6,24,74,4,2,64,156,0.262,0.348,0.479,0.827,133,0.358,133,245,2,5,0,2,3,0,1,0,,7.0
87,Ketel Marte,30,6.8,136,583,504,93,147,23,2,36,95,7,1,65,106,0.292,0.372,0.56,0.932,155,0.396,155,282,9,5,0,9,7,0,1,1,3.0,4.0
88,Jake Burger,28,0.5,137,579,535,68,134,23,1,29,76,1,1,31,150,0.25,0.301,0.46,0.76,104,0.327,100,246,11,9,0,4,2,0,0,0,,3.0
89,Jorge Soler,32,1.1,142,574,493,84,119,34,1,21,64,1,0,68,141,0.241,0.338,0.442,0.78,121,0.343,123,218,9,6,0,4,0,0,0,0,,9.0
90,Jackson Chourio,20,3.8,148,573,528,80,145,29,4,21,79,22,7,39,121,0.275,0.327,0.464,0.791,118,0.344,115,245,7,3,1,2,4,0,0,0,22.0,7.0
91,Ceddanne Rafaela,23,2.8,152,571,544,70,134,23,5,15,75,19,10,15,151,0.246,0.274,0.39,0.664,83,0.299,85,212,8,7,2,3,1,0,0,0,,8.0
92,Bryson Stott,26,2.5,148,571,506,65,124,19,2,11,57,32,3,53,93,0.245,0.315,0.356,0.671,88,0.309,87,180,9,3,0,9,1,0,0,0,,4.0
93,Cody Bellinger,28,2.2,130,569,516,72,137,23,3,18,78,9,2,45,89,0.266,0.325,0.426,0.751,110,0.326,108,220,10,3,0,5,7,0,0,0,,9.0
94,Michael Busch,26,2.8,152,567,496,73,123,28,2,21,65,2,1,63,162,0.248,0.335,0.44,0.775,117,0.338,118,218,9,4,0,4,1,0,0,0,,3.0
95,Matt Vierling,27,3.0,144,567,518,80,133,28,5,16,57,6,1,41,121,0.257,0.312,0.423,0.735,107,0.323,106,219,9,3,0,5,1,0,0,0,,8.0
96,Nathaniel Lowe,28,2.7,140,565,486,62,129,16,1,16,69,2,0,71,125,0.265,0.361,0.401,0.762,121,0.342,122,195,9,4,0,4,1,0,0,0,,3.0
97,Colton Cowser,24,3.1,153,561,499,77,121,24,3,24,69,9,4,52,172,0.242,0.321,0.447,0.768,122,0.329,119,223,9,7,0,3,2,0,0,0,,7.0
98,Wyatt Langford,22,3.9,134,557,499,74,126,25,4,16,74,19,3,51,115,0.253,0.325,0.415,0.74,112,0.329,110,207,6,4,0,3,3,0,0,0,,7.0
99,Colt Keith,22,1.1,148,556,516,54,134,15,4,13,61,7,1,36,110,0.26,0.309,0.38,0.689,96,0.308,95,196,4,2,0,2,2,0,0,0,,4.0
100,Vinnie Pasquantino,26,1.1,131,554,496,64,130,30,2,19,97,1,0,40,71,0.262,0.315,0.446,0.76,112,0.328,108,221,12,4,1,13,1,0,0,0,,3.0
101,Lourdes Gurriel Jr.,30,2.0,133,553,513,72,143,22,2,18,75,7,1,29,101,0.279,0.322,0.435,0.757,109,0.329,106,223,16,6,0,5,1,0,0,0,,7.0
102,Christian Walker,33,2.6,130,552,479,72,120,26,0,26,84,2,2,55,133,0.251,0.335,0.468,0.803,121,0.34,116,224,12,10,0,8,4,1,0,0,,3.0
103,Zack Gelof,24,1.4,138,547,497,60,105,20,2,17,49,25,3,38,188,0.211,0.27,0.362,0.632,82,0.286,80,180,7,4,3,5,0,0,0,0,,4.0
104,Will Smith,29,3.5,128,544,476,77,118,24,2,20,75,1,1,51,105,0.248,0.327,0.433,0.76,116,0.327,112,206,8,9,0,8,6,0,1,0,,2.0
105,Steven Kwan,26,4.0,122,540,480,83,140,16,3,14,44,12,5,53,51,0.292,0.368,0.425,0.793,127,0.352,128,204,5,5,2,0,0,1,1,0,,7.0
106,Brendan Rodgers,27,1.1,135,539,501,67,134,29,1,13,54,1,0,31,132,0.267,0.314,0.407,0.721,93,0.317,92,204,12,4,1,2,1,0,0,0,,4.0
107,Trea Turner,31,3.0,121,539,505,88,149,25,0,21,62,19,4,27,98,0.295,0.338,0.469,0.807,123,0.358,127,237,10,6,0,1,0,0,1,0,,6.0
108,Justin Turner,39,1.5,139,539,460,59,119,24,0,11,55,0,2,59,95,0.259,0.354,0.383,0.737,114,0.328,116,176,16,13,0,7,2,0,0,0,,3.0
109,Jesus Sanchez,26,0.7,149,537,489,60,123,25,1,18,64,16,2,41,140,0.252,0.313,0.417,0.731,98,0.326,96,204,12,4,1,2,2,0,0,0,,9.0
110,Ty France,29,-0.6,140,535,479,46,112,24,0,13,51,1,1,38,114,0.234,0.305,0.365,0.67,92,0.301,95,175,16,13,0,5,0,0,0,0,,3.0
111,Shea Langeliers,26,2.9,137,534,482,58,108,18,2,29,80,4,2,41,145,0.224,0.288,0.45,0.739,111,0.321,111,217,15,5,0,6,2,0,0,0,,2.0
112,Corey Seager,30,5.0,123,533,475,68,132,21,0,30,74,1,1,53,96,0.278,0.353,0.512,0.864,146,0.363,139,243,8,3,0,2,11,0,1,0,15.0,6.0
113,Leody Taveras,25,0.5,151,529,480,59,110,17,3,12,44,23,6,42,112,0.229,0.289,0.352,0.641,84,0.293,84,169,8,0,3,4,0,0,0,0,,8.0
114,Luis Garcia Jr.,24,2.2,140,528,500,58,141,25,1,18,70,22,5,27,86,0.282,0.318,0.444,0.762,115,0.336,114,222,12,0,0,1,2,0,0,0,,4.0
115,Lane Thomas,28,0.3,130,528,472,65,112,26,3,15,63,32,14,44,137,0.237,0.309,0.4,0.709,101,0.315,101,189,5,7,0,5,1,0,0,0,,9.0
116,Sal Frelick,24,2.1,145,524,475,66,123,22,4,2,32,18,3,39,78,0.259,0.32,0.335,0.655,84,0.303,84,159,8,4,2,1,0,1,0,0,,9.0
117,Andrew Benintendi,29,-0.8,135,522,477,50,109,20,0,20,64,3,2,41,96,0.229,0.289,0.396,0.685,95,0.299,92,189,12,1,0,3,1,0,0,0,,7.0
118,Logan O'Hoppe,24,2.7,136,522,479,64,117,17,1,20,56,2,3,33,155,0.244,0.303,0.409,0.712,99,0.315,102,196,7,8,1,1,0,0,0,0,,2.0
119,Jacob Young,24,2.8,150,521,468,75,120,24,1,3,36,33,10,30,102,0.256,0.316,0.331,0.648,86,0.299,87,155,11,12,9,2,0,0,0,0,,8.0
120,Heliot Ramos,24,2.3,121,518,475,54,128,23,3,22,72,6,1,37,135,0.269,0.322,0.469,0.792,125,0.349,129,223,12,2,0,4,2,0,1,0,,8.0
121,Rhys Hoskins,31,-0.2,131,517,449,59,96,14,0,26,82,3,0,53,149,0.214,0.303,0.419,0.722,99,0.314,95,188,11,7,0,6,1,0,0,0,,3.0
122,Mookie Betts,31,4.8,116,516,450,75,130,24,5,19,75,16,2,61,57,0.289,0.372,0.491,0.863,145,0.377,145,221,10,1,0,4,2,0,1,1,13.0,6.0
123,Andrew McCutchen,37,0.8,120,515,448,66,104,18,1,20,50,3,2,58,133,0.232,0.328,0.411,0.739,106,0.332,110,184,9,7,0,2,1,0,0,0,,9.0
124,Tyler Stephenson,27,2.4,138,515,457,69,118,26,1,19,66,1,0,48,117,0.258,0.338,0.444,0.782,113,0.345,114,203,9,8,0,2,2,0,0,0,,2.0
125,Jake Meyers,28,1.7,148,513,461,51,101,20,3,13,61,11,3,35,117,0.219,0.286,0.36,0.646,83,0.288,83,166,17,10,3,4,0,0,0,0,,8.0
126,Daulton Varsho,27,5.0,136,513,459,73,98,21,7,18,58,10,2,48,137,0.214,0.293,0.407,0.7,97,0.306,94,187,2,4,1,1,1,1,0,0,,8.0
127,Joey Ortiz,25,2.7,142,511,440,58,105,25,6,11,60,11,6,56,103,0.239,0.329,0.398,0.726,102,0.317,98,175,10,6,3,6,0,0,0,0,,5.0
128,Jesse Winker,30,2.0,145,508,430,63,109,23,0,14,58,14,4,63,106,0.253,0.36,0.405,0.764,118,0.344,122,174,12,10,2,3,2,0,0,0,,7.0
129,Ryan Mountcastle,27,2.6,124,507,473,54,128,30,2,13,63,3,0,27,114,0.271,0.308,0.425,0.733,112,0.323,114,201,13,1,0,6,0,0,0,0,,3.0
130,Gavin Sheets,28,-1.0,139,501,451,35,105,24,1,10,45,2,2,43,106,0.233,0.303,0.357,0.66,90,0.292,88,161,6,4,0,3,2,0,0,0,,9.0
131,Charlie Blackmon,37,0.6,124,499,449,59,115,24,5,12,52,6,2,43,86,0.256,0.329,0.412,0.741,99,0.329,100,185,4,6,0,1,2,0,0,0,,9.0
132,Cedric Mullins,29,2.6,147,499,444,69,104,16,3,18,54,32,6,41,98,0.234,0.305,0.405,0.71,106,0.322,107,180,1,5,2,2,0,0,0,0,,8.0
133,Isiah Kiner-Falefa,29,3.6,133,496,465,53,125,18,4,8,43,11,2,16,78,0.269,0.306,0.376,0.683,92,0.308,93,175,12,10,3,2,0,0,0,0,,4.0
134,J.D. Martinez,36,0.5,120,495,434,46,102,24,1,16,69,0,0,49,141,0.235,0.32,0.406,0.725,105,0.321,108,176,17,6,0,2,0,0,0,0,,
135,Jake McCarthy,26,1.7,142,495,442,66,126,13,7,8,56,25,6,31,78,0.285,0.349,0.4,0.749,109,0.335,107,177,4,14,5,3,1,0,0,0,,9.0
136,Ryan O'Hearn,30,2.0,142,494,443,60,117,21,3,15,59,3,1,46,69,0.264,0.334,0.427,0.761,121,0.337,125,189,7,2,0,3,2,0,0,0,,3.0
137,Jonah Heim,29,1.1,131,491,459,45,101,12,1,13,59,1,1,26,90,0.22,0.267,0.336,0.602,73,0.268,71,154,13,4,0,2,0,0,0,0,,2.0
138,Michael Conforto,31,1.3,130,488,438,56,104,27,3,20,66,0,1,42,118,0.237,0.309,0.45,0.759,116,0.326,115,197,16,5,0,3,1,0,0,0,,7.0
139,Gavin Lux,26,2.1,139,487,439,59,110,24,2,10,50,5,2,44,110,0.251,0.32,0.383,0.703,101,0.314,103,168,8,2,0,2,0,0,0,0,,4.0
140,Connor Wong,28,1.5,126,487,447,54,125,24,1,13,52,8,7,28,114,0.28,0.333,0.425,0.758,110,0.327,107,190,7,9,1,2,1,0,0,0,,2.0
141,Keibert Ruiz,25,0.6,127,485,459,46,105,21,0,13,57,3,1,16,54,0.229,0.26,0.359,0.619,74,0.27,70,165,13,5,0,5,0,0,0,0,,2.0
142,Jose Caballero,27,1.6,139,483,441,53,100,24,1,9,44,44,16,27,133,0.227,0.283,0.347,0.63,80,0.292,83,153,6,9,3,3,1,0,0,0,,6.0
143,Paul DeJong,30,0.9,139,482,445,54,101,17,0,24,56,2,2,23,156,0.227,0.276,0.427,0.703,98,0.304,95,190,9,9,0,5,0,0,0,0,,6.0
144,Tommy Pham,36,-0.2,116,478,440,49,109,20,3,9,39,7,3,35,106,0.248,0.305,0.368,0.674,92,0.308,96,162,5,2,0,1,0,0,0,0,,9.0
145,Brandon Marsh,26,3.1,135,476,418,55,104,17,3,16,60,19,3,50,154,0.249,0.328,0.419,0.747,108,0.338,111,175,2,2,1,5,0,0,0,0,,7.0
146,Josh Rojas,30,2.2,142,476,422,48,95,19,2,8,31,10,4,46,108,0.225,0.304,0.336,0.641,91,0.289,92,142,6,3,1,2,1,0,0,0,,5.0
147,Mike Yastrzemski,33,2.1,140,474,428,60,99,16,9,18,57,3,2,38,124,0.231,0.302,0.437,0.739,110,0.317,108,187,5,6,1,1,1,0,0,0,,9.0
148,Tyler O'Neill,29,2.6,113,473,411,74,99,18,0,31,61,4,0,53,159,0.241,0.336,0.511,0.847,132,0.365,131,210,13,7,0,2,5,0,0,0,,7.0
149,Jeff McNeil,32,1.6,129,472,424,57,101,26,0,12,44,5,1,35,68,0.238,0.308,0.384,0.692,96,0.308,98,163,6,9,1,3,1,0,0,0,,4.0
150,Michael Harris II,23,3.2,110,470,440,58,116,14,3,16,48,10,6,23,94,0.264,0.304,0.418,0.722,98,0.32,102,184,6,4,0,3,1,0,0,0,,8.0
151,Ha-Seong Kim,28,2.6,121,470,403,60,94,16,3,11,47,22,5,58,77,0.233,0.33,0.37,0.7,97,0.318,96,149,8,2,4,3,4,0,0,0,,6.0
152,Jorge Polanco,30,1.3,118,469,417,43,89,11,0,16,45,4,2,46,137,0.213,0.296,0.355,0.651,93,0.294,96,148,16,4,0,2,3,0,0,0,,4.0
153,Austin Riley,27,2.9,110,469,425,63,109,26,2,19,56,0,0,37,118,0.256,0.322,0.461,0.783,114,0.343,117,196,6,5,0,2,0,0,0,0,,5.0
154,Ryan Jeffers,27,2.1,122,465,412,56,93,22,0,21,64,3,0,32,94,0.226,0.3,0.432,0.732,102,0.322,103,178,9,14,1,6,0,0,0,0,,2.0
155,Xander Bogaerts,31,1.2,111,463,428,50,113,15,1,11,44,13,3,28,79,0.264,0.307,0.381,0.688,92,0.307,90,163,13,1,0,6,0,0,0,0,,4.0
156,Jeimer Candelario,30,-0.7,112,463,427,47,96,23,2,20,56,4,3,27,114,0.225,0.279,0.429,0.707,90,0.306,87,183,7,6,0,3,1,0,0,0,,5.0
157,Mark Canha,35,0.6,125,462,393,46,95,20,0,7,42,7,0,51,96,0.242,0.344,0.346,0.69,99,0.321,104,136,10,13,0,5,2,0,0,0,,3.0
158,Gio Urshela,32,0.7,128,461,432,34,108,19,1,9,52,0,0,23,72,0.25,0.286,0.361,0.647,82,0.29,82,156,13,1,0,5,1,0,0,0,,5.0
159,Max Schuemann,27,0.8,133,459,396,55,87,14,0,7,34,14,1,47,119,0.22,0.311,0.308,0.619,82,0.292,86,122,8,7,5,4,0,0,0,0,,6.0
160,Giancarlo Stanton,34,0.7,114,459,417,49,97,20,0,27,72,0,0,38,143,0.233,0.298,0.475,0.773,115,0.33,112,198,17,2,0,2,2,0,0,0,,
161,Michael Toglia,25,2.2,116,458,399,62,87,14,3,25,55,10,1,54,147,0.218,0.311,0.456,0.767,104,0.334,102,182,7,1,0,3,2,0,0,0,,3.0
162,Luke Raley,29,3.2,137,455,404,58,98,19,2,22,58,11,2,27,135,0.243,0.32,0.463,0.783,129,0.346,131,187,2,20,2,2,0,0,0,0,,7.0
163,Davis Schneider,25,0.0,135,454,397,48,76,19,1,13,46,6,0,47,144,0.191,0.282,0.343,0.625,77,0.28,76,136,2,5,0,5,0,0,0,0,,7.0
164,Mark Vientos,24,3.1,111,454,413,58,110,22,0,27,71,0,0,33,135,0.266,0.322,0.516,0.837,134,0.361,137,213,6,3,0,5,0,0,0,0,,5.0
165,Ernie Clement,28,3.4,139,452,434,48,114,21,3,12,51,12,3,11,41,0.263,0.284,0.408,0.692,95,0.317,102,177,11,3,2,2,1,0,0,0,,5.0
166,Jo Adell,25,0.9,130,451,405,54,84,15,2,20,62,15,10,35,126,0.207,0.28,0.402,0.682,89,0.297,90,163,9,7,0,3,1,0,0,0,,9.0
167,Lawrence Butler,23,3.0,125,451,412,63,108,24,2,22,57,18,0,35,108,0.262,0.317,0.49,0.807,131,0.357,130,202,8,0,0,4,0,0,0,0,,9.0
168,J.P. Crawford,29,2.7,105,451,392,55,79,16,2,9,37,5,0,52,102,0.202,0.304,0.321,0.625,86,0.286,89,126,4,6,0,1,0,0,0,0,,6.0
169,MJ Melendez,25,-0.9,135,451,412,44,85,23,3,17,44,4,4,35,113,0.206,0.273,0.4,0.674,88,0.29,83,165,3,3,0,0,1,0,0,0,,7.0
170,Jarred Kelenic,24,0.4,131,449,412,49,95,18,2,15,45,7,2,32,133,0.231,0.286,0.393,0.679,86,0.301,86,162,5,1,1,3,1,0,0,0,,7.0
171,Joc Pederson,32,2.9,132,449,367,62,101,17,1,23,64,7,4,55,105,0.275,0.393,0.515,0.908,151,0.388,151,189,5,18,1,3,2,0,0,0,,
172,Patrick Bailey,25,1.8,121,448,401,46,94,16,1,8,46,4,0,39,100,0.234,0.298,0.339,0.637,84,0.286,84,136,10,0,1,7,0,1,0,0,,2.0
173,Jose Siri,28,1.8,130,448,402,50,75,16,1,18,47,14,7,31,170,0.187,0.255,0.366,0.62,76,0.272,73,147,5,7,2,4,0,0,0,0,,8.0
174,Wilyer Abreu,25,3.4,132,447,399,59,101,33,2,15,58,8,3,40,125,0.253,0.322,0.459,0.781,115,0.339,112,183,7,3,0,5,0,1,0,0,,9.0
175,Jordan Westburg,25,2.4,107,447,416,57,110,26,5,18,63,6,3,22,97,0.264,0.312,0.481,0.792,128,0.34,127,200,5,7,1,1,0,0,1,0,,5.0
176,Jared Triolo,26,1.3,125,446,394,41,85,10,1,9,46,8,1,42,118,0.216,0.296,0.315,0.611,72,0.286,74,124,5,5,0,5,0,1,0,0,,5.0
177,Nicky Lopez,29,0.2,124,445,398,40,96,12,3,1,21,5,7,37,67,0.241,0.312,0.294,0.606,76,0.282,83,117,3,4,6,0,0,0,0,0,,4.0
178,Andy Pages,23,1.3,116,443,403,65,100,23,1,13,46,1,2,29,108,0.248,0.305,0.407,0.712,102,0.31,101,164,8,6,0,4,0,0,0,0,,8.0
179,Brayan Rocchio,23,1.9,143,442,383,50,79,18,0,8,36,10,6,44,90,0.206,0.298,0.316,0.614,76,0.281,78,121,11,8,2,5,1,0,0,0,,6.0
180,Dylan Moore,31,2.2,135,441,368,53,74,23,4,10,42,32,6,53,123,0.201,0.32,0.367,0.687,104,0.322,109,135,8,14,1,5,1,1,0,0,,6.0
181,Fernando Tatis Jr.,25,2.6,102,438,398,64,110,21,1,21,49,11,3,32,96,0.276,0.34,0.492,0.833,131,0.36,129,196,8,7,0,1,0,0,1,0,,9.0
182,Harrison Bader,30,0.9,143,437,402,57,95,19,0,12,51,17,8,21,95,0.236,0.284,0.373,0.657,86,0.287,84,150,6,8,0,6,1,0,0,0,,8.0
183,Ozzie Albies,27,1.6,99,435,399,52,100,29,1,10,53,8,1,27,65,0.251,0.303,0.404,0.707,94,0.313,93,161,6,5,0,4,0,0,0,0,,4.0
184,Otto Lopez,25,2.6,117,434,403,49,109,23,1,6,39,20,4,25,75,0.27,0.313,0.377,0.69,88,0.32,91,152,13,1,2,2,0,0,0,0,,4.0
185,Blake Perkins,27,1.8,121,434,383,54,92,13,2,6,43,23,5,42,108,0.24,0.316,0.332,0.647,81,0.301,81,127,3,3,0,6,1,0,0,0,,8.0
186,Mitch Garver,33,-0.1,114,430,367,37,63,17,0,15,51,0,0,53,133,0.172,0.286,0.341,0.627,85,0.282,88,125,9,7,0,3,0,0,0,0,,2.0
187,Jose Miranda,26,1.7,121,429,401,44,114,28,4,9,49,2,2,18,66,0.284,0.322,0.441,0.763,112,0.333,112,177,13,6,0,4,1,0,0,0,,5.0
188,Mauricio Dubon,29,1.1,137,428,402,45,108,25,0,4,47,3,2,16,55,0.269,0.296,0.361,0.657,87,0.289,85,145,6,2,3,5,0,0,0,0,,7.0
189,Kyle Isbel,27,1.8,136,426,384,62,88,13,8,8,42,11,2,27,88,0.229,0.287,0.367,0.654,84,0.296,82,141,4,5,8,2,0,0,0,0,,8.0
190,Brandon Lowe,29,2.4,107,425,385,56,94,19,3,21,58,5,1,33,112,0.244,0.311,0.473,0.783,121,0.339,120,182,7,5,0,2,2,0,0,0,,4.0
191,Wenceel Perez,24,0.7,112,425,389,51,94,16,6,9,37,9,5,32,92,0.242,0.3,0.383,0.683,93,0.302,93,149,5,1,2,1,0,0,0,0,,9.0
192,Luis Robert Jr.,26,1.4,100,425,393,47,88,19,0,14,35,23,6,28,141,0.224,0.278,0.379,0.657,87,0.298,88,149,8,2,0,1,2,0,0,0,,8.0
193,Hunter Renfroe,32,0.0,120,424,385,44,88,18,0,15,52,1,1,36,84,0.229,0.297,0.392,0.689,93,0.308,94,151,10,2,0,1,0,0,0,0,,9.0
194,Mitch Haniger,33,-0.2,121,423,380,42,79,12,0,12,44,0,0,40,126,0.208,0.286,0.334,0.62,84,0.281,87,127,10,2,0,1,0,0,0,0,,9.0
195,Rowdy Tellez,29,-0.3,131,421,383,38,93,18,0,13,56,1,0,31,89,0.243,0.299,0.392,0.691,92,0.305,90,150,12,2,0,5,0,0,0,0,,3.0
196,Masataka Yoshida,30,1.4,108,421,378,45,106,21,0,10,56,2,0,27,52,0.28,0.349,0.415,0.765,113,0.341,114,157,6,14,0,2,0,0,0,0,,7.0
197,Mickey Moniak,26,-0.1,124,418,392,48,86,17,2,14,49,8,4,21,114,0.219,0.266,0.38,0.646,79,0.283,78,149,3,4,0,1,0,0,0,0,,8.0
198,Connor Joe,31,0.6,123,416,364,49,83,22,1,9,36,2,2,44,91,0.228,0.32,0.368,0.688,93,0.306,92,134,7,6,0,2,1,0,0,0,,3.0
199,Austin Wells,24,2.5,115,414,354,42,81,18,1,13,55,1,2,47,87,0.229,0.322,0.395,0.718,103,0.318,104,140,9,5,1,7,0,0,0,0,,2.0
200,J.T. Realmuto,33,3.0,99,413,380,50,101,18,1,14,47,2,2,27,102,0.266,0.322,0.429,0.751,108,0.331,112,163,7,5,0,1,1,0,0,0,,2.0
201,Pete Crow-Armstrong,22,2.3,123,410,372,46,88,13,6,10,47,27,3,21,98,0.237,0.286,0.384,0.67,87,0.3,82,143,4,6,8,3,2,0,0,0,,8.0
202,Lars Nootbaar,26,1.5,109,405,348,39,85,18,3,12,45,7,3,52,79,0.244,0.342,0.417,0.758,112,0.334,112,145,10,1,1,3,2,0,0,0,,9.0
203,Jon Singleton,32,0.3,119,405,355,46,83,13,1,13,42,0,0,47,111,0.234,0.321,0.386,0.707,101,0.317,105,137,2,0,0,3,0,0,0,0,,3.0
204,Nolan Gorman,24,0.3,107,402,365,42,74,15,0,19,50,6,1,34,151,0.203,0.271,0.4,0.671,86,0.291,79,146,2,1,0,2,1,0,0,0,,4.0
205,LaMonte Wade Jr.,30,2.1,117,401,331,45,86,16,0,8,34,2,1,62,90,0.26,0.38,0.381,0.761,121,0.337,122,126,2,4,1,3,5,0,0,0,,3.0
206,Seth Brown,31,-0.6,124,400,372,32,86,11,1,14,44,4,2,25,112,0.231,0.283,0.379,0.662,91,0.291,90,141,7,2,0,1,0,0,0,0,,7.0
207,Trevor Larnach,27,1.3,112,400,355,59,92,17,0,15,52,4,1,40,89,0.259,0.338,0.434,0.771,115,0.341,117,154,12,3,0,2,1,0,0,0,,7.0
208,Max Kepler,31,1.0,105,399,368,43,93,21,1,8,42,1,0,22,80,0.253,0.302,0.38,0.682,90,0.315,98,140,3,5,0,3,0,0,0,0,,9.0
209,Ke'Bryan Hayes,27,0.8,96,396,365,38,85,9,0,4,25,11,2,23,75,0.233,0.283,0.29,0.573,62,0.267,60,106,12,4,0,4,1,0,0,0,,5.0
210,Korey Lee,25,0.1,125,394,377,36,79,14,1,12,37,6,3,17,122,0.21,0.244,0.347,0.591,68,0.264,68,131,12,0,0,0,0,0,0,0,,2.0
211,Kike Hernendez,32,1.3,126,393,362,44,83,16,0,12,42,0,0,27,77,0.229,0.281,0.373,0.654,85,0.294,88,135,13,0,1,3,0,0,0,0,,5.0
212,David Fry,28,1.4,122,392,335,44,88,18,1,14,51,4,1,42,84,0.263,0.356,0.448,0.804,129,0.352,128,150,13,9,0,4,4,0,1,0,,2.0
213,Santiago Espinal,29,-0.4,118,391,357,32,88,12,0,9,45,11,1,24,54,0.246,0.295,0.356,0.65,78,0.294,73,127,7,2,4,4,1,0,0,0,,5.0
214,Bo Naylor,24,0.7,123,389,354,39,71,10,2,13,39,6,3,29,122,0.201,0.264,0.35,0.614,74,0.272,71,124,3,2,2,2,1,0,0,0,,2.0
215,Will Benson,26,-1.4,128,388,343,41,64,19,2,14,43,16,7,40,154,0.187,0.274,0.376,0.65,76,0.285,70,129,3,2,1,2,0,0,0,0,,7.0
216,Byron Buxton,30,3.6,102,388,355,62,99,27,3,18,56,7,2,20,99,0.279,0.335,0.524,0.859,136,0.369,136,186,3,11,0,2,1,0,0,0,,8.0
217,Geraldo Perdomo,24,3.5,98,388,337,61,92,21,2,3,37,9,1,36,58,0.273,0.344,0.374,0.718,101,0.328,104,126,5,3,7,5,0,0,0,0,,6.0
218,Nick Gonzales,25,0.9,94,387,359,42,97,19,3,7,49,5,3,18,74,0.27,0.311,0.398,0.709,97,0.316,98,143,8,5,1,4,1,0,0,0,,4.0
219,Josh Lowe,26,0.7,106,387,353,37,85,19,2,10,34,25,1,32,123,0.241,0.302,0.391,0.693,98,0.315,93,138,2,0,0,2,4,0,0,0,,9.0
220,Alejandro Kirk,25,2.0,103,386,340,23,86,19,1,5,54,0,0,35,51,0.253,0.319,0.359,0.677,93,0.303,94,122,11,2,0,9,1,0,0,0,,2.0
221,Tyler Freeman,25,0.9,118,383,330,48,69,14,1,7,32,11,6,28,53,0.209,0.305,0.321,0.626,80,0.288,83,106,15,19,3,3,1,0,0,0,,8.0
222,Jake Fraley,29,0.3,116,382,350,44,97,19,2,5,26,20,5,26,70,0.277,0.33,0.386,0.716,96,0.319,92,135,6,3,0,3,0,0,0,0,,9.0
223,Thairo Estrada,28,-0.5,96,381,364,43,79,15,2,9,47,2,2,10,76,0.217,0.247,0.343,0.59,68,0.263,69,125,8,5,0,2,0,0,0,0,,4.0
224,Spencer Horwitz,26,1.2,97,381,328,46,87,19,0,12,40,0,0,42,70,0.265,0.357,0.433,0.79,124,0.346,125,142,8,7,0,4,2,0,0,0,,3.0
225,Spencer Torkelson,24,0.3,92,381,342,45,75,21,1,10,37,0,0,33,105,0.219,0.295,0.374,0.669,89,0.293,86,128,6,4,0,1,0,0,0,0,,3.0
226,Anthony Rizzo,34,0.2,92,375,337,38,77,12,0,8,35,0,0,27,65,0.228,0.301,0.335,0.637,81,0.297,88,113,7,9,0,2,0,0,0,0,,3.0
227,Starling Marte,35,0.7,94,370,335,46,90,13,3,7,40,16,1,27,81,0.269,0.327,0.388,0.715,103,0.328,107,130,8,3,3,2,1,0,0,0,,9.0
228,Lenyn Sosa,24,-0.4,100,369,351,28,89,13,0,8,35,3,1,12,77,0.254,0.283,0.359,0.642,84,0.282,79,126,5,3,2,1,1,0,0,0,,5.0
229,Freddy Fermin,29,3.0,111,368,339,40,92,14,0,6,36,2,0,23,66,0.271,0.319,0.366,0.685,93,0.307,92,124,10,2,1,3,1,0,0,0,,2.0
230,Carlos Correa,29,3.7,86,367,319,55,99,20,2,14,54,0,0,40,61,0.31,0.388,0.517,0.905,151,0.393,155,165,5,3,0,4,4,0,1,0,,6.0
231,Abraham Toro,27,0.6,94,364,337,34,81,17,1,6,26,4,2,20,62,0.24,0.293,0.35,0.643,87,0.285,85,118,4,5,2,0,1,0,0,0,,5.0
232,Miguel Amaya,25,1.9,117,363,328,32,76,13,2,8,47,0,0,23,62,0.232,0.288,0.357,0.644,81,0.292,84,117,5,4,5,3,0,0,0,0,,2.0
233,Johan Rojas,23,0.7,120,363,338,47,82,12,3,3,32,25,4,13,69,0.243,0.279,0.322,0.601,68,0.277,63,109,7,4,8,0,0,0,0,0,,8.0
234,Jonny DeLuca,25,0.6,107,362,332,29,72,12,4,6,31,16,6,24,77,0.217,0.278,0.331,0.609,75,0.279,76,110,1,4,2,0,1,0,0,0,,9.0
235,Brandon Drury,31,-2.0,97,360,325,28,55,7,0,4,15,1,0,27,81,0.169,0.242,0.228,0.469,34,0.228,38,74,13,5,0,3,0,0,0,0,,4.0
236,Willson Contreras,32,3.0,84,358,301,48,79,17,0,15,36,4,1,45,96,0.262,0.38,0.468,0.848,137,0.37,137,141,7,12,0,0,2,0,0,0,,2.0
237,Michael Massey,26,1.6,100,356,332,45,86,17,2,14,45,1,0,15,56,0.259,0.294,0.449,0.743,106,0.328,108,149,9,3,2,4,1,0,0,0,,4.0
238,Will Brennan,26,-0.2,114,353,330,37,87,13,2,8,30,4,2,19,48,0.264,0.309,0.388,0.697,98,0.307,96,128,9,3,0,1,2,0,0,0,,9.0
239,Gabriel Moreno,24,2.6,97,351,305,39,81,18,1,5,45,3,1,41,52,0.266,0.353,0.38,0.734,105,0.327,105,116,10,2,0,3,1,0,0,0,,2.0
240,Elias Diaz,33,1.3,96,351,325,27,86,20,0,6,39,0,0,20,69,0.265,0.313,0.382,0.695,87,0.309,87,124,15,4,0,2,2,0,0,0,,2.0
241,Mike Tauchman,33,0.6,109,350,298,50,74,12,1,7,29,6,2,47,70,0.248,0.357,0.366,0.723,106,0.326,108,109,7,4,0,1,0,0,0,0,,9.0
242,Eloy Jimenez,27,-0.7,98,349,324,25,77,14,0,6,23,3,0,22,70,0.238,0.289,0.336,0.626,81,0.282,80,109,13,2,0,1,1,0,0,0,,9.0
243,Jake Bauers,28,-0.4,116,346,302,45,60,9,2,12,43,13,1,39,118,0.199,0.301,0.361,0.662,84,0.3,80,109,0,5,0,0,1,0,0,0,,3.0
244,Jake Cave,31,-0.7,123,346,323,42,81,16,5,7,37,5,2,18,98,0.251,0.29,0.396,0.686,83,0.297,77,128,6,1,1,3,1,0,0,0,,9.0
245,Amed Rosario,28,-0.1,103,346,332,29,93,18,3,3,32,13,5,9,73,0.28,0.306,0.38,0.686,95,0.312,98,126,10,4,0,1,0,0,0,0,,4.0
246,Tyrone Taylor,30,2.0,130,345,319,47,79,22,3,7,35,11,2,19,80,0.248,0.299,0.401,0.701,98,0.317,102,128,4,5,1,1,1,0,0,0,,9.0
247,Manuel Margot,29,-0.9,129,343,315,37,75,17,1,4,31,5,0,21,54,0.238,0.289,0.337,0.626,75,0.281,72,106,10,3,1,3,0,0,0,0,,7.0
248,Francisco Alvarez,22,0.8,100,342,308,39,73,14,2,11,47,1,1,30,86,0.237,0.307,0.403,0.71,100,0.319,107,124,7,2,0,2,0,0,0,0,,2.0
249,Travis d'Arnaud,35,1.1,99,341,307,40,73,16,0,15,48,1,0,24,89,0.238,0.302,0.436,0.739,102,0.32,101,134,8,6,0,4,0,0,0,0,,2.0
250,Tyler Fitzgerald,26,2.8,96,341,314,53,88,19,2,15,34,17,4,22,108,0.28,0.334,0.497,0.831,136,0.367,140,156,2,4,0,1,0,0,0,0,,6.0
251,TJ Friedl,28,0.5,85,341,297,35,67,5,1,13,55,9,1,26,52,0.226,0.31,0.38,0.69,88,0.313,88,113,1,12,2,4,0,0,0,0,,8.0
252,Kyle Tucker,27,4.7,78,339,277,56,80,13,0,23,49,11,0,56,54,0.289,0.408,0.585,0.993,179,0.426,179,162,5,1,0,2,3,0,1,0,,9.0
253,Jake Rogers,29,1.0,102,337,310,43,61,16,1,10,36,1,0,22,99,0.197,0.255,0.352,0.607,71,0.27,69,109,6,3,0,2,1,0,0,0,,2.0
254,Miguel Rojas,35,3.4,103,337,307,41,87,21,0,6,36,8,2,23,34,0.283,0.337,0.41,0.748,113,0.329,112,126,8,3,2,2,0,0,0,0,,6.0
255,Bo Bichette,26,-0.3,81,336,311,29,70,16,1,4,31,5,1,20,64,0.225,0.277,0.322,0.598,70,0.269,68,100,12,3,0,2,1,0,0,0,,6.0
256,James Wood,21,1.1,79,336,295,43,78,13,4,9,41,14,8,39,97,0.264,0.354,0.427,0.781,122,0.343,124,126,1,2,0,0,1,0,0,0,,7.0
257,Nick Fortes,27,0.0,110,335,308,28,70,16,0,4,29,0,1,11,41,0.227,0.259,0.318,0.577,57,0.249,44,98,6,4,7,5,0,0,0,0,,2.0
258,Whit Merrifield,35,0.3,95,335,293,44,65,9,3,4,15,17,3,35,52,0.222,0.311,0.314,0.625,76,0.307,87,92,7,3,4,0,0,0,0,0,,4.0
259,Michael Siani,24,0.7,124,334,298,42,68,7,2,2,20,20,3,21,92,0.228,0.285,0.285,0.57,62,0.265,54,85,2,3,11,1,0,0,0,0,,8.0
260,Adam Duvall,35,-1.4,104,330,303,29,55,10,0,11,30,0,0,21,99,0.182,0.245,0.323,0.569,57,0.262,59,98,6,5,0,1,0,0,0,0,,7.0
261,Ben Rortvedt,26,0.9,112,328,290,27,66,13,0,3,31,1,0,34,88,0.228,0.317,0.303,0.621,80,0.287,83,88,6,4,0,0,0,0,0,0,,2.0
262,Oswaldo Cabrera,25,1.3,108,326,299,47,74,11,0,8,36,4,2,21,63,0.247,0.296,0.365,0.661,87,0.3,90,109,6,1,2,3,0,0,0,0,,5.0
263,Royce Lewis,25,0.7,82,325,292,40,68,16,0,16,47,0,0,28,74,0.233,0.295,0.452,0.747,106,0.315,99,132,5,0,0,5,2,0,0,0,,5.0
264,Zach McKinstry,29,0.8,118,325,297,32,64,14,5,4,23,16,0,24,69,0.215,0.277,0.337,0.614,74,0.288,74,100,3,2,0,2,0,0,0,0,,6.0
265,Danny Jansen,29,0.7,92,324,278,35,57,13,0,9,24,0,0,40,61,0.205,0.309,0.349,0.658,86,0.302,91,97,4,3,0,3,0,0,0,0,,2.0
266,Miguel Andujar,29,0.4,75,319,302,31,86,14,1,4,30,3,2,13,42,0.285,0.32,0.377,0.697,103,0.308,103,114,10,3,0,1,0,0,0,0,,7.0
267,Eddie Rosario,32,-1.6,91,319,297,33,52,12,0,10,35,9,1,16,77,0.175,0.215,0.316,0.531,48,0.241,43,94,4,0,2,4,0,0,0,0,,7.0
268,David Hamilton,26,2.6,98,317,294,47,73,17,1,8,28,33,4,22,80,0.248,0.303,0.395,0.697,93,0.331,95,116,1,1,0,0,0,0,0,0,,6.0
269,Richie Palacios,27,1.8,92,316,264,46,59,8,1,5,21,19,1,45,67,0.223,0.346,0.318,0.664,94,0.318,96,84,5,5,0,1,2,0,0,0,,4.0
270,Christian Vazquez,33,-0.2,93,315,294,29,65,10,0,7,27,3,1,11,65,0.221,0.248,0.327,0.575,60,0.262,60,96,11,1,5,4,0,0,0,0,,2.0
271,Christian Yelich,32,2.2,73,315,270,44,85,12,3,11,42,21,1,40,58,0.315,0.406,0.504,0.909,152,0.404,151,136,3,2,1,1,3,0,1,0,,7.0
272,Kevin Pillar,35,0.4,100,314,284,38,65,16,1,8,45,12,3,16,69,0.229,0.291,0.377,0.667,87,0.298,86,107,10,10,1,3,0,0,0,0,,8.0
273,Joey Meneses,32,-0.5,76,313,281,19,65,11,0,3,42,2,0,21,63,0.231,0.291,0.302,0.593,70,0.28,76,85,9,5,0,6,1,0,0,0,,3.0
274,Carson Kelly,29,0.5,91,313,281,32,67,9,1,9,37,0,0,25,55,0.238,0.313,0.374,0.687,96,0.305,95,105,6,6,0,1,0,0,0,0,,2.0
275,Kevin Newman,30,2.2,111,311,288,41,80,17,1,3,28,8,1,15,48,0.278,0.311,0.375,0.686,91,0.313,92,108,7,0,6,2,1,0,0,0,,6.0
276,Donovan Solano,36,1.0,96,309,283,31,81,13,0,8,35,2,1,22,65,0.286,0.343,0.417,0.76,113,0.339,116,118,6,3,0,1,0,0,0,0,,5.0
277,Ramon Laureano,29,1.3,98,309,286,35,74,16,1,11,33,8,3,15,96,0.259,0.311,0.437,0.748,107,0.337,114,125,5,7,0,1,0,0,0,0,,9.0
278,Rob Refsnyder,33,0.8,93,307,272,32,77,16,1,11,40,2,2,28,78,0.283,0.359,0.471,0.83,130,0.354,126,128,6,5,0,1,2,0,0,0,,7.0
279,Dominic Smith,29,-0.1,93,307,275,33,64,22,0,6,34,1,1,28,76,0.233,0.313,0.378,0.691,92,0.308,91,104,7,4,0,0,0,0,0,0,,3.0
280,Luis Rengifo,27,1.9,78,304,283,41,85,13,1,6,30,24,7,16,44,0.3,0.347,0.417,0.763,114,0.344,116,118,6,4,1,0,0,0,0,0,,5.0
281,Xavier Edwards,24,2.0,70,303,265,39,87,12,5,1,26,31,4,33,52,0.328,0.397,0.423,0.82,125,0.383,128,112,0,0,1,4,1,0,0,0,,6.0
282,Ildemaro Vargas,32,-0.5,95,303,272,21,67,16,0,1,30,9,4,19,31,0.246,0.295,0.316,0.611,75,0.273,72,86,9,2,5,5,0,0,0,0,,5.0
283,Emmanuel Rivera,28,-0.4,123,302,265,24,63,9,2,5,29,2,0,26,69,0.238,0.312,0.343,0.656,83,0.295,80,91,7,5,1,5,0,0,0,0,,5.0
284,Edouard Julien,25,-0.2,94,301,266,36,53,9,0,8,21,6,0,33,102,0.199,0.292,0.323,0.616,73,0.288,76,86,2,2,0,0,0,0,0,0,,4.0
285,Ramon Urias,30,1.5,100,301,272,39,69,9,2,11,37,1,1,23,55,0.254,0.322,0.423,0.745,116,0.326,117,115,0,5,0,1,0,0,0,0,,5.0
286,Michael A. Taylor,33,0.9,113,300,269,35,52,9,1,5,21,12,1,23,105,0.193,0.253,0.29,0.543,52,0.255,47,78,3,0,4,4,0,0,0,0,,8.0
287,Luis Campusano,25,-0.7,91,299,277,37,63,13,0,8,40,0,0,20,41,0.227,0.281,0.361,0.642,79,0.287,78,100,11,1,0,1,0,0,0,0,,2.0
288,Parker Meadows,24,2.2,82,298,270,39,66,12,6,9,28,9,4,25,76,0.244,0.31,0.433,0.743,109,0.324,108,117,0,1,1,1,0,0,0,0,,8.0
289,Nolan Jones,26,-0.7,79,297,256,28,58,13,1,3,28,5,4,36,91,0.227,0.321,0.32,0.641,75,0.289,73,82,7,1,1,3,2,0,0,0,,7.0
290,Kerry Carpenter,26,2.2,87,296,264,37,75,16,5,18,57,0,2,22,75,0.284,0.345,0.587,0.932,159,0.386,156,155,5,4,0,3,1,0,0,0,,9.0
291,Victor Robles,27,3.1,91,295,254,44,78,20,0,4,28,34,2,21,53,0.307,0.381,0.433,0.814,140,0.384,143,110,2,11,6,3,0,0,0,0,,8.0
292,Adam Frazier,32,0.3,104,294,262,35,53,10,1,4,22,3,0,22,59,0.202,0.282,0.294,0.576,64,0.269,64,77,0,7,3,0,0,0,0,0,,4.0
293,Max Muncy,33,3.0,73,293,237,47,55,17,0,15,48,1,0,45,77,0.232,0.358,0.494,0.852,141,0.361,136,117,1,5,0,6,3,0,0,0,,5.0
294,Jose Iglesias,34,3.1,85,291,270,39,91,16,1,4,26,6,2,12,39,0.337,0.381,0.448,0.83,136,0.361,136,121,4,8,0,1,1,0,0,0,,4.0
295,Javier Baez,31,-1.1,80,289,272,25,50,12,0,6,37,8,1,12,69,0.184,0.221,0.294,0.516,46,0.236,41,80,10,2,0,3,1,0,0,0,,6.0
296,Ezequiel Duron,25,0.0,92,285,268,26,66,11,0,3,20,1,2,14,63,0.246,0.288,0.321,0.609,76,0.273,75,86,6,2,0,1,0,0,0,0,,5.0
297,Joey Bart,27,2.2,80,282,253,38,67,11,0,13,45,0,0,22,73,0.265,0.337,0.462,0.799,121,0.349,121,117,8,6,0,1,0,0,0,0,,2.0
298,Jacob Stallings,34,1.8,82,281,243,31,64,17,1,9,36,0,0,27,65,0.263,0.357,0.453,0.81,117,0.355,119,110,10,9,1,1,1,0,0,0,,2.0
299,Kevin Kiermaier,34,1.0,116,281,259,31,51,9,3,5,26,6,2,12,86,0.197,0.237,0.313,0.55,56,0.253,56,81,4,2,7,1,0,0,0,0,,8.0
300,Gary Sanchez,31,0.2,89,280,245,30,54,7,1,11,37,0,0,27,76,0.22,0.307,0.392,0.699,94,0.312,94,96,9,5,0,3,0,0,0,0,,2.0
301,Randal Grichuk,32,2.2,106,279,254,40,74,20,2,12,46,0,0,20,46,0.291,0.348,0.528,0.875,140,0.377,142,134,5,3,0,2,0,0,0,0,,9.0
302,Vidal Brujon,26,0.5,102,278,248,32,55,14,2,2,16,5,6,25,54,0.222,0.303,0.319,0.622,71,0.271,64,79,5,4,1,0,3,0,0,0,,4.0
303,Tyler Nevin,27,-0.2,87,278,245,22,50,10,0,7,20,1,0,25,64,0.204,0.288,0.331,0.618,80,0.279,80,81,5,5,0,3,0,0,0,0,,3.0
304,Jack Suwinski,25,-1.7,88,277,247,29,45,8,0,9,26,9,1,27,79,0.182,0.264,0.324,0.588,64,0.277,66,80,3,1,1,1,2,0,0,0,,8.0
305,Nick Gordon,28,-1.7,95,275,260,29,59,11,1,8,32,5,5,11,67,0.227,0.258,0.369,0.627,69,0.263,58,96,5,1,0,3,0,0,0,0,,7.0
306,Victor Caratini,30,1.3,87,274,245,30,66,8,1,8,30,0,1,23,53,0.269,0.336,0.408,0.744,111,0.325,113,100,6,3,0,3,1,0,0,0,,2.0
307,Edmundo Sosa,28,2.3,90,274,249,39,64,12,4,7,31,7,1,13,66,0.257,0.313,0.422,0.734,104,0.33,107,105,5,8,1,2,0,0,0,0,,6.0
308,Jonah Bride,28,0.8,71,272,232,30,64,10,0,11,39,0,1,30,55,0.276,0.357,0.461,0.818,122,0.355,122,107,9,3,0,7,1,0,0,0,,3.0
309,Brett Wisely,25,0.5,91,272,252,25,60,13,1,4,31,2,3,13,65,0.238,0.278,0.345,0.623,79,0.271,77,87,3,2,2,3,0,0,0,0,,4.0
310,Chas McCormick,29,-0.6,94,267,242,32,51,6,1,5,27,8,2,17,72,0.211,0.271,0.306,0.576,64,0.274,71,74,3,4,1,3,0,0,0,0,,7.0
311,Nick Senzel,29,-1.4,74,267,236,25,46,11,0,7,18,1,3,28,61,0.195,0.283,0.331,0.614,75,0.271,74,78,6,1,1,0,1,0,0,0,,5.0
312,Dylan Carlson,25,-1.2,96,265,235,19,49,7,0,3,25,2,1,22,75,0.209,0.287,0.277,0.563,62,0.256,58,65,2,5,0,3,0,0,0,0,,7.0
313,Sean Murphy,29,1.3,72,264,233,19,45,5,1,10,25,0,0,27,67,0.193,0.284,0.352,0.636,76,0.293,81,82,7,3,0,1,1,0,0,0,,2.0
314,Kyle Higashioka,34,1.4,84,263,246,29,54,10,1,17,45,2,0,15,74,0.22,0.263,0.476,0.739,102,0.324,103,117,3,0,1,1,0,0,0,0,,2.0
315,Joey Loperfido,25,0.5,81,262,243,24,52,13,4,4,25,4,2,13,95,0.214,0.264,0.35,0.614,74,0.275,74,85,3,4,1,1,0,0,0,0,,7.0
316,Matt Wallner,26,2.2,75,261,220,26,57,17,1,13,37,3,0,24,95,0.259,0.372,0.523,0.894,148,0.387,149,115,2,16,0,1,0,0,0,0,,9.0
317,Joey Gallo,30,0.3,76,260,223,24,36,9,0,10,27,3,1,32,102,0.161,0.277,0.336,0.613,74,0.282,78,75,1,4,0,1,0,0,0,0,,3.0
318,David Peralta,36,0.8,91,260,236,35,63,11,0,8,28,2,0,22,54,0.267,0.335,0.415,0.75,110,0.335,112,98,3,2,0,0,0,0,0,0,,9.0
319,Ivan Herrera,24,1.7,72,259,229,37,69,12,1,5,27,5,0,25,53,0.301,0.372,0.428,0.8,125,0.362,129,98,3,2,0,2,0,0,0,0,,2.0
320,Jason Heyward,34,1.2,87,258,228,33,48,12,2,10,37,5,0,22,53,0.211,0.288,0.412,0.7,97,0.304,92,94,3,4,0,3,2,0,0,0,,9.0
321,Austin Martin,25,-1.0,93,257,233,41,59,18,1,1,16,7,3,20,47,0.253,0.318,0.352,0.67,88,0.299,87,82,4,2,2,0,0,0,0,0,,7.0
322,Austin Hays,28,-0.1,85,255,235,26,60,18,0,5,20,2,2,9,59,0.255,0.303,0.396,0.699,100,0.306,101,93,2,8,1,2,1,0,0,0,,7.0
323,Willie Calhoun,29,-0.2,68,254,229,26,56,16,0,5,20,0,1,23,31,0.245,0.315,0.38,0.695,95,0.301,92,87,5,1,0,1,1,0,0,0,,3.0
324,Taylor Walls,27,1.4,84,252,218,27,40,5,3,1,14,16,4,31,67,0.183,0.282,0.248,0.529,55,0.251,53,54,3,0,0,3,0,0,0,0,,6.0
325,Juan Yepez,26,0.6,62,249,226,32,64,15,0,6,26,2,1,18,42,0.283,0.335,0.429,0.764,116,0.337,118,97,9,1,1,3,0,0,0,0,,3.0
326,Elehuris Montero,25,-1.7,67,247,224,23,46,10,0,4,28,0,0,20,56,0.205,0.267,0.304,0.571,54,0.265,54,68,7,0,0,3,0,0,0,0,,3.0
327,Chris Taylor,33,-0.1,87,246,213,28,43,7,1,4,23,5,1,28,76,0.202,0.298,0.3,0.598,73,0.289,82,64,5,2,1,2,0,0,0,0,,7.0
328,Harold Ramirez,29,-0.1,73,246,238,28,62,7,1,2,29,6,2,5,50,0.261,0.28,0.324,0.604,73,0.271,70,77,2,2,0,1,0,0,0,0,,9.0
329,Robbie Grossman,34,-0.3,87,245,208,21,44,8,0,3,16,3,0,34,58,0.212,0.322,0.293,0.616,79,0.291,84,61,8,1,0,2,0,0,0,0,,7.0
330,Andy Ibanez,31,1.4,99,244,224,30,54,9,1,5,32,2,3,15,63,0.241,0.295,0.357,0.652,85,0.289,86,80,2,3,0,2,0,0,0,0,,4.0
331,Triston Casas,24,0.6,63,243,212,28,51,8,0,13,32,0,1,30,77,0.241,0.337,0.462,0.8,121,0.34,116,98,6,1,0,0,4,0,0,0,,3.0
332,Yasmani Grandal,35,0.6,72,243,215,26,49,10,0,9,27,1,0,24,46,0.228,0.304,0.4,0.704,96,0.327,105,86,7,0,3,1,0,0,0,0,,2.0
333,Kyle Farmer,33,-0.3,107,242,215,26,46,13,1,5,25,3,5,19,49,0.214,0.293,0.353,0.647,81,0.281,80,76,6,6,0,2,1,0,0,0,,4.0
334,Wilmer Flores,32,-0.6,71,242,214,19,44,12,0,4,26,0,0,20,33,0.206,0.277,0.318,0.595,72,0.274,76,68,5,3,0,5,1,0,0,0,,3.0
335,Noelvi Marte,22,-1.8,66,242,229,24,48,9,0,4,18,9,3,9,75,0.21,0.248,0.301,0.549,50,0.244,40,69,1,3,0,1,0,0,0,0,,5.0
336,Tim Anderson,31,-1.5,65,241,234,16,50,3,0,0,9,4,4,7,68,0.214,0.237,0.226,0.463,28,0.204,15,53,6,0,0,0,0,0,0,0,,6.0
337,Dominic Fletcher,26,-0.3,72,241,223,14,46,8,0,1,17,0,0,11,58,0.206,0.252,0.256,0.508,47,0.225,38,57,5,3,2,1,1,0,0,0,,9.0
338,Anthony Rendon,34,0.6,57,238,206,21,45,10,0,0,14,6,1,23,35,0.218,0.307,0.267,0.574,64,0.283,75,55,4,5,0,4,0,0,0,0,,5.0
339,Miguel Vargas,24,-0.8,72,237,206,22,31,7,0,5,16,3,1,25,57,0.15,0.249,0.257,0.506,46,0.244,52,53,4,3,0,3,0,0,0,0,,5.0
340,Jose Trevino,31,0.6,73,234,209,26,45,5,0,8,28,1,0,20,41,0.215,0.288,0.354,0.642,81,0.287,80,74,12,2,1,2,0,0,0,0,,2.0
341,Stuart Fairchild,28,1.0,94,233,209,33,45,8,0,8,30,13,1,17,60,0.215,0.286,0.368,0.654,78,0.314,83,77,1,4,2,1,0,0,0,0,,8.0
342,James McCann,34,0.8,65,233,214,27,50,9,0,8,31,1,0,13,56,0.234,0.279,0.388,0.667,93,0.293,93,83,3,2,0,4,0,0,0,0,,1.0
343,Garrett Hampson,29,0.4,113,231,213,16,49,13,1,0,16,7,2,14,59,0.23,0.275,0.3,0.576,63,0.259,56,64,3,0,2,2,0,0,0,0,,8.0
344,Justyn-Henry Malloy,24,-0.4,71,230,202,18,41,7,1,8,21,1,1,23,85,0.203,0.291,0.366,0.658,86,0.289,84,74,2,3,0,2,0,0,0,0,,7.0
345,Nelson Velazquez,25,-0.5,64,230,205,31,41,8,1,8,27,2,0,19,61,0.2,0.274,0.366,0.64,79,0.285,76,75,6,3,0,3,0,0,0,0,,9.0
346,DJ LeMahieu,35,-1.6,67,228,201,19,41,5,0,2,26,0,1,19,35,0.204,0.269,0.259,0.527,51,0.244,51,52,13,1,1,6,0,0,0,0,,3.0
347,Nick Ahmed,34,-0.3,71,228,210,20,48,6,1,2,17,2,1,11,51,0.229,0.267,0.295,0.562,62,0.254,61,62,6,1,3,3,0,0,0,0,,6.0
348,Addison Barger,24,0.4,69,225,208,20,41,11,0,7,28,2,0,14,60,0.197,0.25,0.351,0.601,69,0.272,70,73,1,1,0,1,0,0,0,0,,5.0
349,Hunter Goodman,24,-0.8,70,224,211,24,40,9,0,13,36,1,1,8,64,0.19,0.228,0.417,0.645,69,0.27,59,88,5,3,0,2,0,0,0,0,,9.0
350,Garrett Mitchell,25,2.0,69,224,196,33,50,12,3,8,21,11,4,25,71,0.255,0.342,0.469,0.812,124,0.354,123,92,1,1,2,0,0,0,0,0,,8.0
351,Cavan Biggio,29,0.1,78,224,188,27,37,5,0,5,19,2,0,24,72,0.197,0.314,0.303,0.617,78,0.286,80,57,1,8,2,0,0,0,0,0,,4.0
352,Enmanuel Valdez,25,-0.6,76,223,201,23,43,12,0,6,28,1,1,17,53,0.214,0.27,0.363,0.633,75,0.277,70,73,4,0,1,4,0,0,0,0,,4.0
353,Ronald Acuna Jr.,26,0.0,49,222,192,38,48,8,1,4,15,16,3,27,53,0.25,0.351,0.365,0.716,100,0.343,110,70,4,3,0,0,0,0,0,0,,9.0
354,Daniel Schneemann,27,0.7,73,221,193,17,42,10,2,5,22,3,2,25,70,0.218,0.303,0.368,0.671,91,0.297,90,71,1,0,0,3,0,0,0,0,,6.0
355,Pedro Pages,25,0.8,68,218,202,19,48,3,2,7,27,2,0,13,58,0.238,0.281,0.376,0.657,83,0.287,76,76,7,0,1,2,0,0,0,0,,2.0
356,Romy Gonzalez,27,0.9,89,216,199,25,53,10,1,6,29,11,3,12,58,0.266,0.306,0.417,0.723,100,0.326,100,83,5,1,0,4,0,0,0,0,,4.0
357,Tyler Soderstrom,22,0.5,61,213,189,18,44,10,0,9,26,0,0,20,53,0.233,0.315,0.429,0.743,114,0.33,118,81,7,3,0,1,1,0,0,0,,3.0
358,Austin Slater,31,-0.2,84,212,177,24,37,4,0,2,18,3,2,26,60,0.209,0.321,0.266,0.586,73,0.279,81,47,5,5,0,4,0,0,0,0,,9.0
359,Trey Lipscomb,24,-0.1,61,211,190,20,38,3,0,1,10,11,2,16,40,0.2,0.268,0.232,0.5,45,0.248,48,44,7,2,1,1,0,0,0,0,,5.0
360,Leo Jimenez,23,0.9,63,210,179,18,41,11,0,4,19,0,0,12,59,0.229,0.329,0.358,0.686,96,0.31,99,64,6,16,0,3,0,0,0,0,,6.0
361,Trent Grisham,27,0.4,76,209,179,21,34,8,0,9,31,1,1,22,57,0.19,0.29,0.385,0.675,90,0.306,95,69,5,4,1,2,1,0,0,0,,8.0
362,Kyle Stowers,26,-0.5,69,209,192,15,40,11,2,3,24,0,1,13,74,0.208,0.268,0.333,0.601,65,0.27,64,64,2,3,0,1,0,0,0,0,,7.0
363,Jackson Holliday,20,0.1,60,208,190,28,36,4,2,5,23,4,0,15,69,0.189,0.255,0.311,0.565,65,0.265,70,59,1,2,0,1,0,0,0,0,,4.0
364,Jorge Mateo,29,0.9,68,208,192,30,44,14,2,5,18,13,2,10,48,0.229,0.267,0.401,0.668,92,0.294,87,77,3,1,2,3,0,0,0,0,,4.0
365,Travis Jankowski,33,0.3,104,207,190,19,38,5,0,1,12,11,1,12,44,0.2,0.266,0.242,0.508,49,0.256,54,46,3,5,0,0,0,0,0,0,,9.0
366,Jhonkensy Noel,22,1.0,67,198,179,25,39,7,1,13,28,0,0,13,63,0.218,0.288,0.486,0.774,116,0.333,114,87,1,5,0,1,0,0,0,0,,9.0
367,Edward Olivares,28,-0.7,55,196,174,22,39,4,0,5,23,1,0,16,37,0.224,0.291,0.333,0.624,75,0.285,75,58,3,2,0,4,0,0,0,0,,9.0
368,DJ Stewart,30,-0.8,74,194,158,16,28,4,0,5,19,1,0,31,48,0.177,0.325,0.297,0.622,80,0.296,89,47,5,4,0,1,0,0,0,0,,9.0
369,Connor Norby,24,0.2,45,194,178,32,42,9,0,9,20,3,3,15,64,0.236,0.294,0.438,0.732,99,0.309,93,78,2,0,0,1,0,0,0,0,,5.0
370,Corey Julks,28,-1.1,66,189,173,17,37,7,0,3,14,5,2,15,50,0.214,0.275,0.306,0.581,67,0.261,64,53,6,0,0,1,0,0,0,0,,9.0
371,Dominic Canzone,26,0.2,67,188,168,20,33,7,0,8,17,1,0,18,53,0.196,0.271,0.381,0.652,91,0.29,92,64,5,0,0,2,2,0,0,0,,9.0
372,Josh Jung,26,0.6,46,188,178,19,47,5,1,7,16,4,0,8,48,0.264,0.298,0.421,0.719,105,0.319,103,75,1,1,0,1,0,0,0,0,,5.0
373,Garrett Stubbs,31,0.4,54,187,164,18,34,4,1,1,11,5,0,17,50,0.207,0.296,0.262,0.558,59,0.271,63,43,0,4,0,1,0,0,0,0,,2.0
374,Luis Guillorme,29,0.3,77,187,161,14,33,9,1,0,10,4,2,23,36,0.205,0.301,0.273,0.574,63,0.268,65,44,7,0,1,2,0,0,0,0,,4.0
375,Daz Cameron,27,-0.5,66,186,170,22,34,5,1,5,15,5,0,13,51,0.2,0.258,0.329,0.587,70,0.268,69,56,3,1,0,2,0,0,0,0,,7.0
376,Matt Thaiss,29,0.6,57,186,157,14,32,9,0,2,16,3,0,28,58,0.204,0.323,0.299,0.622,77,0.295,83,47,2,0,0,1,0,0,0,0,,2.0
377,Blaze Alexander,25,0.0,61,185,166,19,41,7,0,3,21,3,1,15,49,0.247,0.321,0.343,0.664,86,0.301,87,57,1,3,1,0,0,0,0,0,,6.0
378,Brooks Lee,23,-0.2,50,185,172,9,38,6,1,3,27,3,0,11,27,0.221,0.265,0.32,0.585,63,0.256,53,55,6,0,0,2,2,0,0,0,,6.0
379,Jordan Beck,23,-0.8,55,184,170,14,32,6,0,3,13,7,1,12,65,0.188,0.245,0.276,0.521,41,0.246,36,47,3,1,0,1,1,0,0,0,,7.0
380,Cristian Pache,25,-0.2,88,183,165,13,33,8,1,1,16,1,0,17,64,0.2,0.273,0.279,0.552,54,0.251,49,46,2,0,0,1,0,0,0,0,,8.0
381,Alex Kirilloff,26,-0.6,57,178,159,20,32,8,3,5,20,0,0,15,47,0.201,0.27,0.384,0.653,81,0.287,79,61,5,1,0,3,0,0,0,0,,7.0
382,Ben Rice,25,-0.4,50,178,152,20,26,6,0,7,23,0,1,20,48,0.171,0.264,0.349,0.613,72,0.275,74,53,2,1,0,5,0,0,0,0,,3.0
383,Jordan Walker,22,-0.9,51,178,164,16,33,10,1,5,20,1,0,10,50,0.201,0.253,0.366,0.619,71,0.267,63,60,4,2,0,2,0,0,0,0,,9.0
384,Junior Caminero,20,0.7,43,177,165,15,41,9,1,6,18,2,0,11,38,0.248,0.299,0.424,0.724,105,0.315,102,70,2,1,0,0,2,0,0,0,,5.0
385,Patrick Wisdom,32,-0.4,75,174,158,16,27,7,2,8,23,5,0,10,59,0.171,0.237,0.392,0.629,74,0.276,68,62,1,4,1,1,0,0,0,0,,3.0
386,Derek Hill,28,0.0,53,172,162,19,39,4,2,7,25,6,2,5,56,0.241,0.271,0.42,0.69,89,0.317,95,68,2,2,2,1,0,0,0,0,,8.0
387,Brett Baty,24,0.3,50,171,153,15,35,3,0,4,16,0,0,16,42,0.229,0.306,0.327,0.633,81,0.287,83,50,3,1,1,0,1,0,0,0,,5.0
388,Nick Loftin,25,0.2,56,171,148,15,28,4,0,1,14,1,0,19,24,0.189,0.282,0.236,0.519,49,0.258,56,35,4,1,1,2,0,0,0,0,,4.0
389,angel Martinez,22,0.1,43,169,151,16,35,7,0,3,11,3,1,15,33,0.232,0.298,0.338,0.635,82,0.286,80,51,2,0,1,2,0,0,0,0,,8.0
390,Jose Tena,23,0.2,44,168,161,14,43,5,0,3,15,6,1,7,41,0.267,0.298,0.354,0.652,85,0.29,81,57,1,0,0,0,0,0,0,0,,5.0
